id,email,password,handle
1,gkondratenya0@webs.com,FuNIWWyo,sreddyhoff0
2,ajoule1@arstechnica.com,PbCJhS30Q,tgoddard1
3,ureuble2@google.pl,WmA5O9,thaygreen2
4,jthresher3@miibeian.gov.cn,S5d1KNm5iA,cbaynom3
5,bsamwell4@marriott.com,38nv4L8lWI,cmurrigans4
6,pdefau5@shutterfly.com,Jjq6OBY,lsneden5
7,mtomkys6@netvibes.com,ufvO2KRvfKnW,mpeeters6
8,mbowsher7@shop-pro.jp,HbVcyL9xo03w,btrudgian7
9,fsandyfirth8@webmd.com,ZiWS2ROQD,lgavigan8
10,ctimny9@reference.com,eE2sTHpUzfh,ltowriss9
11,rseelera@gizmodo.com,T8MGYhZ,vkelsella
12,cstockaub@time.com,mRg3vZX89TUK,amoyseyb
13,dughinic@ucoz.ru,qB5MNWpmWOV,sogglebiec
14,dgabitesd@flickr.com,c8rd0T9ghw8I,okenafaqued
15,obillione@cyberchimps.com,dBt7NXNoMVk,rrimingtone
16,hwilsonef@infoseek.co.jp,2xhCH9yZjfW,gairdrief
17,jhalfhydeg@weibo.com,zhzqd29Jr,mstraingeg
18,nfreathyh@a8.net,pBUWTpi,bpassfieldh
19,bdowneyi@timesonline.co.uk,9EALe8mcJ,dstokei
20,slaverenzj@nsw.gov.au,WS6nbBb6d5,ebonnickj
21,pmosedillk@github.com,zMSETZFyLuS,kbradnumk
22,ncostockl@sfgate.com,u46UvT,lbriddlel
23,kclurowm@storify.com,jfCfw4Bc,mcarvillam
24,mproudn@cbc.ca,yPVvMfZMPy,ckiliusn
25,tbroadiso@va.gov,IZhL2WkwIWdI,ddanfortho
26,scranneyp@sohu.com,KBbbHlVgR,damsbergerp
27,rlochheadq@seesaa.net,cXRPeeUhYgn,cdullinghamq
28,asheafr@dion.ne.jp,bHRyZFQUqhk,orobiotr
29,anestors@icio.us,TbvpUTT,cgarlicks
30,gpolett@bloglines.com,P1KeDMybU,dcornilleaut
31,ncalvardu@ask.com,sEZajd,nmeynellu
32,rwreffordv@csmonitor.com,1KDsdnbw3,dpeekevoutv
33,fadvaniw@japanpost.jp,r3rLOfFAY,bstraneow
34,dgrogorx@zdnet.com,ZYwtVVKKu9Pm,dahmadx
35,reslingery@google.ru,KSsZaEhAAa,jberryguny
36,pcrumbyz@soup.io,jpBb0t0tC,ehebardz
37,mclardge10@admin.ch,Zp9aB3NMNK,dsheridan10
38,jdelahay11@bizjournals.com,LVAzO3mlRe,cregis11
39,jzannuto12@devhub.com,RVO6YMdoYNUE,ekringe12
40,vpellitt13@jimdo.com,qA5iBc6,kslany13
41,brolin14@unc.edu,kZvZFmSZX,jpumfrett14
42,achasson15@so-net.ne.jp,44TFHGKuCgV,vmanuele15
43,adomico16@posterous.com,wXSotxS,ctaillard16
44,mroubeix17@wp.com,9orVuQk4HsY,ppithcock17
45,nhymas18@google.de,70De6VzEiB,pkiehne18
46,rfawcus19@opensource.org,HN1ICR,tcappell19
47,sjoule1a@google.cn,1foiMX,ddilke1a
48,baurelius1b@meetup.com,Cv4OvWS7X,tvel1b
49,cmasarrat1c@github.com,3fhqhQJOLT,mminot1c
50,polliff1d@smugmug.com,nppkKT,dimpleton1d
51,bwashington1e@yahoo.com,4naFRF8Pq,gspringtorp1e
52,lmcgrah1f@google.de,lNeNw7PLSv,ybraunes1f
53,mvanmerwe1g@marketwatch.com,LGvW2U,tjablonski1g
54,scrucetti1h@mozilla.org,8YroNtqlb102,pdeeves1h
55,ggussin1i@eventbrite.com,4hLgsmo,maindrais1i
56,uslide1j@telegraph.co.uk,idfMBAHiH,fmeneghi1j
57,mclowley1k@telegraph.co.uk,MOljoz7,cjaggs1k
58,qshearston1l@time.com,Y2HdiL,sskilling1l
59,dbrendel1m@theguardian.com,JHE8C9L5,cverdun1m
60,ncallan1n@gravatar.com,X2MSV6Dm,lgoulter1n
61,fmoulds1o@scribd.com,hGHx4aG,kchew1o
62,blongmate1p@rediff.com,MySbwe,rkither1p
63,sbiaggelli1q@hostgator.com,MXJIv4,svaughanhughes1q
64,lboch1r@digg.com,4fQiL4g,kdifrisco1r
65,lfitch1s@google.nl,UQDPgUryw,ndast1s
66,rwoolsey1t@unc.edu,mDO6QbgZV,fhuguenet1t
67,cmcallan1u@icq.com,Jl9Lal0AMhe,ragus1u
68,banfossi1v@theguardian.com,gU0POsOQ0,lwantling1v
69,jisakson1w@addthis.com,jFCLUcCUNy0,nlebarr1w
70,doswick1x@digg.com,T95DOU,cgerleit1x
71,ggiovanardi1y@psu.edu,JgXA6mW0,ghaton1y
72,bkohrsen1z@amazon.com,z4wowdawgF1,nallicock1z
73,sfever20@a8.net,mhoZ4felD,freuven20
74,bosbourne21@networkadvertising.org,wR6cbggAI,wpiddington21
75,wduddle22@amazon.co.uk,3GRryMS,kmarrison22
76,okeepence23@nps.gov,1RbNXNU74bA,fdacey23
77,lcarlisle24@bandcamp.com,BtwWIY7,bbegin24
78,cchattaway25@huffingtonpost.com,l4OMwJeqA,kchatt25
79,mching26@nps.gov,1RIXBIPvZA,adomerc26
80,eprangley27@meetup.com,MGN0uovF,epietrusiak27
81,gasaaf28@freewebs.com,lrpILCxkw9fr,lsporgeon28
82,jsydry29@php.net,rNb0wJ0oYlX,achippindale29
83,nruste2a@arizona.edu,WX2OZARVLde3,gdemkowicz2a
84,opriestman2b@free.fr,FjWq8qPY,meriksson2b
85,jhinder2c@yelp.com,h2pVPjKV,croan2c
86,kcapehorn2d@rediff.com,10KaOvTCzZp,hmatula2d
87,adoni2e@gov.uk,JTmB1IZPIbJp,csinclaire2e
88,cfitkin2f@fastcompany.com,iLbKmrpO,anashe2f
89,ddurden2g@archive.org,UhFHomfrYq,jcarslaw2g
90,rinfantino2h@moonfruit.com,Y8URWerG5,pdickie2h
91,lhull2i@usatoday.com,GhOB5yL6meSG,adumke2i
92,lmaccroary2j@webnode.com,ixyQAtzLiA1T,gwiggam2j
93,dpeasee2k@nsw.gov.au,HRMDBf,mdogerty2k
94,borman2l@stanford.edu,hm18FhkvcV,gdow2l
95,moman2m@seattletimes.com,Civ1Rz,awallbanks2m
96,ckember2n@adobe.com,GSwtjLalQi,nprewer2n
97,eventris2o@csmonitor.com,BUtX29,mjore2o
98,bdurrand2p@dyndns.org,2YSzYfZAmTYp,gpikett2p
99,vpotzold2q@jimdo.com,HjZvaO9,nobray2q
100,aipplett2r@ebay.co.uk,2hXuYkmN,vscholig2r
101,awallen2s@ehow.com,hceQIzneVYB,eedgars2s
102,jgiovannini2t@cargocollective.com,gT5L78e,strevarthen2t
103,ahiseman2u@squidoo.com,kvuuDJ6mn1,fgoskar2u
104,jalbrecht2v@about.me,8U7G0I,mcrathorne2v
105,mtakis2w@g.co,S7hA0ItbONyx,lscarse2w
106,htottie2x@cafepress.com,D4cnDJbv,glabbe2x
107,ashildrake2y@vkontakte.ru,eb5tG6KH4mRF,nveschi2y
108,mollett2z@g.co,BIiN8Y7XIxX,wbalassi2z
109,lroyds30@si.edu,F4p1LehOby,nplessing30
110,ssmythin31@hibu.com,soHtlzc3K,ctenman31
111,mtrafford32@histats.com,N89dpT,wbrudenell32
112,anicklinson33@twitter.com,CiBya8,ddarwin33
113,rlinster34@tumblr.com,OumRl4d,wreadmire34
114,pdolder35@sun.com,lWfzbXk,hfowler35
115,lsharville36@time.com,t16xJCCn72fv,ychasteau36
116,ashapter37@netlog.com,krl8LzuS,vsuett37
117,mbartlet38@nifty.com,DZRR6q,dgove38
118,pthirkettle39@marketwatch.com,TTU3EXIHa,gsutherington39
119,tsloane3a@artisteer.com,usO75jbKT,vpitson3a
120,agreenard3b@ameblo.jp,U9xBTnbXN0,fdrynan3b
121,ppinar3c@webmd.com,qaXSnby7,acanto3c
122,bwaszkiewicz3d@reddit.com,y6JfW1A18,bmatyasik3d
123,bmccarrell3e@sakura.ne.jp,hvEAxV,rbroggetti3e
124,aluckcock3f@phoca.cz,UBaHZEB,rmongin3f
125,kgianinotti3g@hc360.com,4ROzn9thvG,dpopov3g
126,wfiggen3h@msu.edu,SkLYy8jOC4,adrains3h
127,wbarnett3i@etsy.com,DxgvdR98,ssturges3i
128,rcoltherd3j@360.cn,mQS05foi,gjuorio3j
129,akimble3k@photobucket.com,EtoMWsYIBgS,jduffy3k
130,lloder3l@tuttocitta.it,rCxIHvVCD,elewsley3l
131,aleithharvey3m@wiley.com,wGtNgxxP,smagister3m
132,cpizzey3n@netlog.com,69Ph5U,etapping3n
133,jguerrieri3o@dmoz.org,g5XRXCvH,djiras3o
134,lvise3p@google.cn,pSlbR1JLYlP,ldampier3p
135,buden3q@phpbb.com,1iiKR7N,jteeney3q
136,lfishbie3r@accuweather.com,yzTeuSujN8Ai,bdavydkov3r
137,kmarkie3s@europa.eu,9hY2UhvtgW5,amilby3s
138,aranscombe3t@redcross.org,SNJ4UtynA5,zbanister3t
139,slegassick3u@telegraph.co.uk,qiXv6tSkc,mdurston3u
140,cyakovl3v@goodreads.com,hPENuD,dvakhrushev3v
141,bgrissett3w@51.la,0oEjlU3Z,esygrove3w
142,dcunniffe3x@so-net.ne.jp,Q7WeDIBaJd,nsheerman3x
143,ogabotti3y@example.com,gew4YuF,araise3y
144,tgoaks3z@exblog.jp,i6b9lmp3,mdelatremoille3z
145,lgjerde40@cam.ac.uk,dHAJrTpn0w,hgrayne40
146,lswinden41@google.nl,yysvRhewL,cospillane41
147,dhollyer42@amazon.com,st7eEOiTapj7,bhark42
148,gquest43@harvard.edu,v4vUrNC,ckennsley43
149,bnesbitt44@cnn.com,SVheiYojqz,awakely44
150,bkmiec45@newyorker.com,GRTBaQvyyM,eadran45
151,qlinck46@liveinternet.ru,fmRmLpP05C,mhumerstone46
152,torrocks47@parallels.com,qW7ryK,bsent47
153,eoconor48@nytimes.com,GjaoDLNU4hy,diacopo48
154,kbacchus49@cbsnews.com,6VQmWJddH,pblondelle49
155,tblockwell4a@dailymotion.com,WKr3OcRd29K,szorzin4a
156,sdalinder4b@cbslocal.com,IeWSFpYlH,ceyer4b
157,agebhard4c@delicious.com,Ga6OviD,scolbert4c
158,vmckinna4d@examiner.com,ucMeXDi,ecod4d
159,ssloam4e@dmoz.org,UILm2gdrL,mgillice4e
160,pmessruther4f@elpais.com,j5pE1vOfmO1,adanihelka4f
161,cquinet4g@unesco.org,dNomGzo,ebloxam4g
162,lhavock4h@apache.org,itxpxh,caggis4h
163,teyes4i@dell.com,qfvkk2OvG5,egallichan4i
164,ljanecki4j@yelp.com,8T01eIX0c2l,asvanetti4j
165,halldred4k@hostgator.com,GmyYvngi,aludwig4k
166,sgrimwood4l@newsvine.com,ay4LYz7rqUyA,btoller4l
167,ktuny4m@wired.com,NlNhLgsZ5CgO,ycantos4m
168,nperrins4n@europa.eu,JKCtshTSUzID,ggoldsberry4n
169,mdoumic4o@netlog.com,PXXbtL4Rqfj2,dknights4o
170,jsausman4p@facebook.com,Ld31lPcghG,ahavesides4p
171,eloach4q@hugedomains.com,OsdqRArpn,rciciari4q
172,varundel4r@geocities.jp,VMU3f0HJv5I1,avautin4r
173,mmoneti4s@state.tx.us,VySoJSNeOU,gcoop4s
174,dgout4t@blinklist.com,ZqGuhPPdp7kA,vcragell4t
175,moruane4u@yahoo.com,4UUVaP3,cklimmek4u
176,cboddie4v@si.edu,1HJiVu,hhindrich4v
177,jkeson4w@simplemachines.org,aYhZeI1lvlx,jvandervelde4w
178,aland4x@unesco.org,7nn67dTeShTu,bpert4x
179,acahill4y@mac.com,wLUsTf,kbrickett4y
180,cfridd4z@geocities.jp,jgG3ls,dwinwood4z
181,cogg50@addthis.com,TlfTs3T2gK,bwood50
182,lstreeting51@arizona.edu,kSmiQqVOU,rhancorn51
183,cmainwaring52@themeforest.net,r5IC6CS,lbirkmyr52
184,cfreegard53@cafepress.com,fx3ui8LCW,dhedon53
185,vnecolds54@sourceforge.net,aOgyEK,gbarrows54
186,sblaby55@ehow.com,FfUVuBvXnY,egrote55
187,mjansa56@blog.com,QabYhVbv3X,tgerok56
188,wkinleyside57@exblog.jp,7qRotQ,fdevaar57
189,psindle58@slashdot.org,2UVwMwXPkQBD,gewenson58
190,dbernasek59@360.cn,OjFAKXu99c,robert59
191,rlesaunier5a@parallels.com,vww6nxp5,hpavek5a
192,pcecchetelli5b@tumblr.com,4Z0yF2,lmembry5b
193,ulangdon5c@deviantart.com,nN3VrGseJV,emccaughen5c
194,dglamart5d@sohu.com,93jsg8Ij,acumming5d
195,wthynn5e@newsvine.com,kvnksS,cburgott5e
196,tspaice5f@imdb.com,W6npcQ,rdarlington5f
197,brichemont5g@mlb.com,IEfkmc,cricciardello5g
198,blaste5h@ebay.co.uk,a3Gktx,fstanyan5h
199,emorecomb5i@blogs.com,G2IHKkC,cpaolone5i
200,croocroft5j@noaa.gov,fFEJiJJnyylJ,amegainey5j
201,ctringham5k@multiply.com,AsA43NX,tbeauvais5k
202,givanusyev5l@nbcnews.com,ubXIxdkGJ2HM,bthacker5l
203,bjosefs5m@privacy.gov.au,LQ14V51frc1,gdene5m
204,cwey5n@discuz.net,32wC033uWLE,gschoales5n
205,espriddle5o@digg.com,7voF9wgcH,ltison5o
206,smeenan5p@timesonline.co.uk,a0OnSfemuzk6,flilleycrop5p
207,wbril5q@buzzfeed.com,x5cqbG,jarger5q
208,rswindle5r@vistaprint.com,EG1I6hRI53,dwadmore5r
209,kossipenko5s@reverbnation.com,ZcVwXAiKZNu,ghawksby5s
210,pmccoughan5t@theatlantic.com,ZE6JEP,ltredgold5t
211,dmattis5u@liveinternet.ru,wTiCla7D42,kdeane5u
212,hoduane5v@etsy.com,axGTkGdpVpHS,awinscum5v
213,dharnett5w@squarespace.com,ugZTaVgpZJ,cgibbins5w
214,tvirgoe5x@blogtalkradio.com,fPkvx1aXN,ldefilippo5x
215,dhundell5y@ocn.ne.jp,uiM25SF9,ladrien5y
216,msemaine5z@whitehouse.gov,mHSKhkSw,brubica5z
217,zolenchenko60@marriott.com,Hx9x9gZDbXv,olines60
218,lseint61@elegantthemes.com,6O9qp9080h,garmit61
219,hcheasman62@eepurl.com,u7mly82824,vsarah62
220,sstatton63@naver.com,U1JPvCPVQ,abotler63
221,mmaybey64@icio.us,ZNWVRyEQ,mdudin64
222,goda65@yolasite.com,KEl7nw7wWR,jfinden65
223,nsjostrom66@phoca.cz,Es9O5aIOWH1z,abrehaut66
224,gsansbury67@g.co,S7ziU6eY,kcarmody67
225,jellacombe68@webnode.com,qfDCXAgC,mbeesey68
226,bmerrin69@mac.com,1682PCWLi,jbebbington69
227,cbehr6a@yahoo.co.jp,PLllkna,jjerzykiewicz6a
228,lupston6b@loc.gov,dwA9Wajgs8,bcolleymore6b
229,cdaugherty6c@time.com,Imu2K1,eprine6c
230,ltydeman6d@mediafire.com,dh37BEGk,rsotham6d
231,vspreull6e@omniture.com,IZysRtOV,rmurrow6e
232,hearngy6f@wired.com,MFoy7SC44aL,vpavie6f
233,lwildt6g@ycombinator.com,BPRxOx,lpurchon6g
234,ehallum6h@bluehost.com,5fnNNG,mflatley6h
235,challigan6i@stumbleupon.com,qcnStlL6Jlz,lpllu6i
236,bbriffett6j@umich.edu,pO8idhfCBF6X,gdeeves6j
237,mledster6k@biblegateway.com,7oAnCOm,sbygrove6k
238,bmingauld6l@about.com,e4Np81,kgrece6l
239,lmccarlie6m@upenn.edu,zxhtl96WGK,acalton6m
240,cschleswigholstein6n@wix.com,isD8hf,pbartzen6n
241,jmolnar6o@slideshare.net,RFNGEecnA,emclleese6o
242,kalderton6p@about.me,hlqfKB52U,zlount6p
243,cdigance6q@wisc.edu,m1sm4xNYBmZ,rkilfeather6q
244,slongforth6r@google.fr,YcEjJYZZ6AUE,scathenod6r
245,blambirth6s@about.com,27og8xkpP7w,gmccrow6s
246,lidale6t@jiathis.com,anif4I,kchurch6t
247,vgascard6u@de.vu,yfw7hR,tpenchen6u
248,ksugars6v@usnews.com,JYcTn3l5i,gbertelsen6v
249,gsalamon6w@wordpress.org,ctQgpgxd,rpurseglove6w
250,mmcgreal6x@blogs.com,se8IFxNnkC,bcallard6x
251,rsussans6y@boston.com,9tSCdGaZ,bmunson6y
252,lhempshall6z@indiegogo.com,xuPzLehz,msydry6z
253,jnuttey70@yahoo.com,Sm9snO,gklemke70
254,kduligal71@un.org,ZmqVf9N,hheinzler71
255,rmcrinn72@hatena.ne.jp,TaZBGLB7S,alevett72
256,mmacfadzean73@businesswire.com,7RJ8XUBhjr,ccoleiro73
257,dfisbey74@acquirethisname.com,kzqAS1c,mmullan74
258,dblincoe75@alexa.com,z9bRUPSyVdB,krassell75
259,ekahler76@china.com.cn,UYxCgM,gfindon76
260,rbeetles77@aboutads.info,kMSRJwKAsh,adaniely77
261,mskiplorne78@earthlink.net,EcHGeD,dcheckley78
262,jdrohan79@mysql.com,j97aRmK0,nguyot79
263,mwofenden7a@nasa.gov,wIJn9edLz,bjursch7a
264,dmorfett7b@dailymotion.com,ULrTon8hF,bglennon7b
265,bbrevitt7c@theatlantic.com,yxLrKJtL2IyC,fcyseley7c
266,cpoone7d@multiply.com,CjDRV1xE2ko,rmincher7d
267,rstarking7e@cloudflare.com,WcsV5rPTh,ijaimez7e
268,sculham7f@sbwire.com,YtU7p6,bbreddy7f
269,dorknay7g@gravatar.com,gRF93r5,jleadston7g
270,jgirling7h@apple.com,5eJO2E,csharrard7h
271,bdandison7i@stanford.edu,AlvNHoGuJ,yely7i
272,fblague7j@canalblog.com,PRqcqNIZvN,rfarnon7j
273,msmalcombe7k@elpais.com,7Fkk8lxZ,gvero7k
274,dcoutthart7l@360.cn,RPj083bJq,gwhitlaw7l
275,arickardes7m@columbia.edu,ciU7eysE20,hengall7m
276,ccostelloe7n@china.com.cn,CsEqMlsMQ,mludlom7n
277,mlightollers7o@amazon.de,v7LXkohCYR0H,meusden7o
278,ljepps7p@bloglovin.com,YaS9yDuPt1Y9,ckestle7p
279,lkobera7q@artisteer.com,y7EZzoOpD5,cwyant7q
280,gvescovo7r@goodreads.com,rBkANMnx,socassidy7r
281,pvaskov7s@merriam-webster.com,QIAH0katOWa1,jdiggens7s
282,dfurlong7t@webmd.com,N4WYmBho0cH,gregis7t
283,mgunter7u@si.edu,EmkYqv8scb,thaithwaite7u
284,lolivazzi7v@symantec.com,4xG2Y4,jhudless7v
285,sgethin7w@nymag.com,rQUumcBkP,mbelch7w
286,tdorricott7x@squidoo.com,6Gg0BpaHpYI,ggammage7x
287,sbrunone7y@issuu.com,MPIzj3ItEfN,gcousen7y
288,etanguy7z@cbc.ca,0qyOE00A,ehullyer7z
289,fhobgen80@yandex.ru,UHykB876R,lthursby80
290,dpettegre81@alexa.com,AOB5OnjF,ebutterwick81
291,holivello82@edublogs.org,g3uKEB7D,ubalbeck82
292,hturvie83@phoca.cz,leR7txAkzz,fmacmurray83
293,cbutler84@walmart.com,wjErUY,bduffit84
294,mtankard85@dailymotion.com,ZpPvAR,rpriel85
295,ewhissell86@ucoz.com,qN5jWBNYk,glumbly86
296,mrenney87@fda.gov,zUd96n4oh,jwaiting87
297,gmcgloughlin88@berkeley.edu,x6Ns1b2ULe,eshilliday88
298,jcoomber89@deviantart.com,ewRycuRRIIO,ewhoolehan89
299,dnuschke8a@over-blog.com,EHs60Xg,krudgard8a
300,dgrievson8b@jalbum.net,YYW5SESQRId,agilham8b
301,wgrzelewski8c@360.cn,O3WT1S,fonraet8c
302,sdargavel8d@usa.gov,btb0eCOb,bswalteridge8d
303,tfidelli8e@npr.org,zmYTtrkoDQMQ,tredwin8e
304,aagg8f@spotify.com,lKeekpUsE1P,pbeedle8f
305,ebaybutt8g@go.com,aHDAOSGs,dyglesias8g
306,mreame8h@oaic.gov.au,XAY19f6jjMw,jkimpton8h
307,bkuhle8i@nationalgeographic.com,xJzZRp,dkrikorian8i
308,hhoopper8j@biglobe.ne.jp,McqfdRf,mcahn8j
309,cblakeney8k@washingtonpost.com,ODVkd8,fcampling8k
310,gfontanet8l@google.com.hk,2X5AX4Lto,sdunseath8l
311,elaxe8m@networkadvertising.org,zK6vXH,ebenham8m
312,cwhitmore8n@domainmarket.com,dCDfxsW6fW0z,dbontein8n
313,mgrzeszczak8o@delicious.com,MfoIXEdNZQ5,vkneebone8o
314,nmedgwick8p@xinhuanet.com,QHWr7ZMF,cvasler8p
315,gelldred8q@bing.com,xJ46aNb,agatheral8q
316,mtakle8r@lulu.com,sSsAQEIRS,arodgier8r
317,mvanthoff8s@cisco.com,O8qUFE6ia,bdezamudio8s
318,mfrascone8t@businessinsider.com,CYr3tYI0ipq,zsancroft8t
319,cgrosvener8u@deviantart.com,fM04jK,cjandac8u
320,jphibb8v@google.com.hk,HyHWVSOAb9KN,gtempest8v
321,jsarney8w@tmall.com,4hRkHzmcmiA9,aserfati8w
322,hetienne8x@geocities.jp,4beJJtTp,ustourton8x
323,kjohnston8y@friendfeed.com,zRRUqklzTUyX,poke8y
324,nmacalester8z@eventbrite.com,afO9fyESP,lbignell8z
325,aelles90@51.la,z6CeXuNr,bdommerque90
326,tmccuis91@amazon.de,trNkkcc,jgerardin91
327,bcowderay92@dagondesign.com,oD8LC6XC,tpride92
328,amoodey93@mtv.com,sQrO7Wmq2,scorradetti93
329,mslemming94@springer.com,5tvD7u0,ecarratt94
330,thymor95@nationalgeographic.com,8FHTvS,ekimbell95
331,dduligal96@sciencedaily.com,Za2P9Jpuzp,egreenstock96
332,wanselmi97@de.vu,2mDjZQXkYLEl,cwood97
333,mhendin98@woothemes.com,NM5W61Ydq,sshreenan98
334,ekolczynski99@elpais.com,OkIajJa1bqS,adukes99
335,tblacklock9a@nyu.edu,sheh1Q,jhullyer9a
336,swhitwham9b@yolasite.com,GxRLtec,cmerryweather9b
337,ppumphreys9c@taobao.com,kfF9mXabfw,crosander9c
338,pshowen9d@nasa.gov,WPyNuV59VGG,dwithey9d
339,mrotlauf9e@e-recht24.de,7und4b9J,kbrinklow9e
340,rperrelle9f@nba.com,mPgKpqofd,mbrundell9f
341,boxby9g@lulu.com,F2a6gp,mherety9g
342,aaleksandrev9h@cnn.com,drNalBgD,twelsh9h
343,lsuthworth9i@unblog.fr,kmYtdFJh,tlanglands9i
344,sfuidge9j@house.gov,e4ZzQRN,lmagauran9j
345,sbisseker9k@imgur.com,PsvLJIGGFU,zgration9k
346,lhuburn9l@google.ru,fMjiR6c,tsheddan9l
347,methersey9m@webs.com,xMFiEC0byH6q,supham9m
348,oworshall9n@gizmodo.com,nRwr9fSFFveL,btrenholme9n
349,rcoppenhall9o@chicagotribune.com,zYkDFZ,scarpmile9o
350,rgauson9p@cyberchimps.com,yuyzV0c4wlO,ckeveren9p
351,jwinny9q@dagondesign.com,554IW7Z,umatuszkiewicz9q
352,djonczyk9r@mapquest.com,xJOpcb,erouke9r
353,gmcgiveen9s@lycos.com,iUBsYGeTfJ,dcaffrey9s
354,mlydon9t@cnn.com,gh6gbMk,cwilloughey9t
355,apeinke9u@goo.ne.jp,OCovHqrfyhNk,brean9u
356,ksweed9v@sina.com.cn,iNZdW6P0,gpumfrett9v
357,vbrimblecomb9w@squarespace.com,RGpb1E,aelsby9w
358,abohan9x@de.vu,eJkfz0oks,mofallone9x
359,mmaccart9y@fastcompany.com,veXGUr20Gpi5,hslora9y
360,mbesant9z@nature.com,AaV7mHLlIi,mtidbold9z
361,rspondera0@live.com,91hjKNi,ksibbalda0
362,fcolluma1@alibaba.com,ADY7js1Jl,jglandera1
363,ktoda2@businessweek.com,RHoc7Td,hpleata2
364,twardhaugha3@gnu.org,77gkbj3OO5wo,aharletta3
365,cblydena4@forbes.com,lWCuIOxu,tyoungsa4
366,ccristofvaoa5@apache.org,BRfXK1ljx75,hryvesa5
367,crouncea6@tamu.edu,bDWDjatJPz,hriddocha6
368,ejoslyna7@economist.com,fZLc9S3wtg,dallmarka7
369,ltrenfielda8@photobucket.com,C53vRtQ5C,ccolliera8
370,srainarda9@webmd.com,u6QnSyIJGmtb,mcrabtreea9
371,smilchaa@sfgate.com,sOfK5J,jmorfeyaa
372,mruggeab@cbsnews.com,OcRvXI1c8ViY,wfintophab
373,ashielac@auda.org.au,TACVpHXv,lkennerac
374,gbrahamsad@blogger.com,OctWyV16,rtowndrowad
375,whaffnerae@example.com,kAg3ktgQ7,hrockeyae
376,aorkneyaf@huffingtonpost.com,DLZuzQSA,psyersaf
377,mhandlingag@umich.edu,oEaNgvaoa,istannerag
378,nstaveah@google.com,izZaSn,eoelsah
379,qstirzakerai@prlog.org,JHMiyv6yd,smayellai
380,rjacquesaj@ustream.tv,6x7Nvyuqa,blittefairaj
381,nredak@google.it,Evf4HOw7q1p,srihanekak
382,jbidgodal@topsy.com,xpAZIQLlR,aestcotal
383,panwylam@smh.com.au,ZyrY35J,lsmartmanam
384,hmcmanusan@ovh.net,VSscGQrx,pdabelan
385,sscalaao@yandex.ru,Q91zNC,erubinsohnao
386,bshowalterap@bloomberg.com,6VacFvD3a,sgiraudeauap
387,gduncansonaq@ovh.net,iHRXrtrqIG,gmewburnaq
388,jwestpfelar@intel.com,BJyX9k9bvie,cnapoleonear
389,elippattas@guardian.co.uk,7tsnjzTLw4b,mbusfieldas
390,jwiddisonat@umich.edu,zGh0Fo9IiBf,kpatemanat
391,ayarmouthau@businessweek.com,qtRT5VCu6ZB,hchedzoyau
392,lchansonnauav@bluehost.com,qF8ZnJvr,asilburnav
393,zfaughnyaw@mediafire.com,C6PhSqR,bdeabillaw
394,bcashenax@merriam-webster.com,pU6Dx2T,jpostansax
395,ybrecknockay@123-reg.co.uk,VPB0mwWNv,jbewlieay
396,apennigaraz@gnu.org,f5uWgm2pK,bhaddenaz
397,bscneiderb0@vimeo.com,qi0unkdG5wyE,sflintoffeb0
398,cmcconnultyb1@intel.com,XzEIP17r,arosenblattb1
399,wgalbreathb2@booking.com,1IFD5N529,fcollimoreb2
400,nclawsonb3@microsoft.com,BvBJiqjU,cdounbareb3
401,emcateerb4@ameblo.jp,qdFcKcW5CZ,cworsnipb4
402,adhillonb5@paypal.com,hGUUEByi,emorstattb5
403,ashimwellb6@booking.com,FzC2RNUy,amozzib6
404,gdicarlob7@cmu.edu,9KWg6zq,bklimtb7
405,fsurgisonb8@digg.com,upmWYOiX51,rstuchburieb8
406,ochattob9@ucla.edu,ivMBuQkkq,kgarriqueb9
407,cdortonba@marriott.com,RyKudV,tlargeba
408,otrowbridgebb@technorati.com,GZphWoSTnX,aizhakovbb
409,rlittledikebc@narod.ru,N9tavi3xAH,rchestlebc
410,zsetfordbd@techcrunch.com,5jPhD9,cspickettbd
411,mchurmbe@newyorker.com,lzdisEE36Tg,drosettinibe
412,plansdalebf@accuweather.com,UifFJs,adichebf
413,pgreydonbg@spotify.com,ld0vfF,aveltebg
414,ccreechbh@sfgate.com,rk7IB5FDJHt,lblockbh
415,zwolledgebi@sun.com,iG1d4M3wq,iclacksonbi
416,sduckhousebj@newsvine.com,ZWYsTKkVjI,mmanjinbj
417,cpannamanbk@csmonitor.com,CRzspZ,acluettbk
418,othodybl@hp.com,9IxYXw5tc,dwoodcroftbl
419,pbeltznerbm@bbc.co.uk,RsfIYDp0n1g,bgarnambm
420,gbrundrettbn@epa.gov,9yFy0eVG,hskrynebn
421,kchoulesbo@g.co,qcDIChyWh2,mgogginsbo
422,karchbp@example.com,GxeQNXyj,rvernallbp
423,smeneobq@rakuten.co.jp,Rw5cBwwqC,mashburnerbq
424,ehardingtonbr@ibm.com,6iDXRT,dfilipbr
425,adewberrybs@bbc.co.uk,ORj3I85,dafonsobs
426,eyurlovbt@biglobe.ne.jp,8SHDw7,fantonomolibt
427,asarrellbu@utexas.edu,XGX0Jytx,dtaffreybu
428,ssothebybv@about.me,eDq7Qu5uB3d,pmcginlybv
429,hhellyarbw@cdbaby.com,duUn7vQGZ,dvardybw
430,berikbx@mail.ru,4v9pCVM,ngannybx
431,nswithenbyby@gravatar.com,1QsB5fTJxBf,rstepneyby
432,tkernockbz@wordpress.org,vP5zJoykaF,aminerdobz
433,asagec0@surveymonkey.com,ZWmiSwmcH,mdonahoc0
434,kbibbiec1@ted.com,XgZf9rEsz,hbergc1
435,ihanmorec2@ihg.com,NvWGFpFY,rcotelardc2
436,sstokeyc3@blogger.com,UIsVe8h0E3jD,dmahaddiec3
437,bbarajac4@devhub.com,l9jmbcXa,kcrammyc4
438,crushec5@wisc.edu,W2kj7O,cmawhinneyc5
439,emcguggyc6@scribd.com,fwxp4lwfI,owroutc6
440,emaccaguec7@cocolog-nifty.com,usdjyQVQhl2,oclunanc7
441,grebichonc8@merriam-webster.com,3cii8IxHbV,wmorbyc8
442,wiglesiazc9@jigsy.com,mJpmblV7d,wboeckec9
443,xbrydellca@nasa.gov,6I1343PiJ4R,ukennadyca
444,jmenerecb@webnode.com,w4eVZ8,rfreercb
445,fhamcc@java.com,G8VTKo6ZA,xblabeycc
446,flockheadcd@acquirethisname.com,0ZvbUtb2OO4a,ebeckenhamcd
447,risaqce@aol.com,1e9kMn,pdrinkhallce
448,lferreirocf@g.co,NX7ms5G,vdickerlinecf
449,tedsallcg@webs.com,8IoInlvtJnju,mfolgercg
450,btopazch@e-recht24.de,Vll3xl6w6cl,wbrigginshawch
451,kbokenci@ed.gov,TGaMCM6sCwX,dfarmiloeci
452,iwylliscj@bizjournals.com,WxDZCQuBWHQ,mbrounsellcj
453,rnelissenck@shop-pro.jp,T379fNSFkm,bstarkingsck
454,nelmancl@sitemeter.com,iGmNa8oHj7Xk,tkalkofencl
455,fdigginscm@hubpages.com,uMOaiJRMP0sA,jlummcm
456,kdizliecn@reference.com,msVvfjClPtxv,kshambrookcn
457,fjacqueminetco@princeton.edu,RQ2fpCNqy,ppietznerco
458,erzehorcp@instagram.com,NUzAUBrVW,sspelwoodcp
459,bfidgincq@tinypic.com,VaiAQhwmVC,stourvillecq
460,cdecastelaincr@theguardian.com,Wm6hnMw,bwasielewiczcr
461,bmelarkeycs@spotify.com,5fTArgiCQ,bbrunocs
462,gbarrettct@usda.gov,sjuh8bT,gastmanct
463,gmayallcu@i2i.jp,qMDbSxFEmSc,cnanicu
464,bbradanecv@wp.com,4TLTAttCPVAz,tcholdcroftcv
465,psachnocw@harvard.edu,KANddhlQOErm,fhawscw
466,ftchircx@zdnet.com,tfUiyQCLrHy,wpondcx
467,sgasgarthcy@wsj.com,VhuM35M,mianninicy
468,blarkcumcz@ed.gov,dw8EWTIV,wbrokenshawcz
469,acoombed0@ucoz.ru,TVLTabCfH4t,rcardosod0
470,dfrankumd1@state.tx.us,jQFpbPR2,fkillelayd1
471,ghyettd2@about.me,v5Q5QqatP,kyouhilld2
472,asiselandd3@ftc.gov,UP2fXIgviY9,ccobbind3
473,ajannyd4@printfriendly.com,cO12Rs,nmaccaugheyd4
474,rhaugd5@unc.edu,HKIr1J9GiT,tsloegraved5
475,hfraschinid6@ehow.com,okejV5G38,aspenleyd6
476,npaxforded7@unesco.org,Vmg5TzIhNSM,nskallyd7
477,cmatushenkod8@hao123.com,OZs0nlXeX,cblanchflowerd8
478,fmcinteed9@accuweather.com,tEJWmpUcx,aupsond9
479,bcoppingda@fc2.com,aFXPVCJXNa,rdiglinda
480,tlalleydb@tumblr.com,JpZuqcPs,cchaffdb
481,rboggondc@taobao.com,9ce4h2gm5pCL,nhuetdc
482,ccrumbiedd@weebly.com,kWd9ykxUb0K,etumilsondd
483,ccapineerde@forbes.com,KW6XzxwNWeq7,pstevensde
484,jpresshaughdf@constantcontact.com,LncBURdrCe,cballsdf
485,mwiggingtondg@hatena.ne.jp,DPMcHtyLB2,nlamswooddg
486,tcantondh@bing.com,zSnHus9zu7,mbacherdh
487,rsmorfitdi@twitpic.com,U2mxOfC3JLQn,ogrimolbiedi
488,afibbittsdj@answers.com,84856BLkoF,smciverdj
489,dwhightdk@chronoengine.com,4TbcUT0sK2nC,ttirrelldk
490,cleatedl@wordpress.com,WpYueJKF8,ddunksdl
491,stregenzadm@state.tx.us,aB5hpNE1FIhd,beslerdm
492,jbreukelmandn@google.com.hk,V0Qfe0I,khebblewhitedn
493,eluetchforddo@howstuffworks.com,ds0Ft9eD,akeelerdo
494,mcrennandp@who.int,zt4bhaZn4y,hmaccostydp
495,kbearfootdq@mozilla.com,YoyBDBQ,hcheckettsdq
496,ochafferdr@blinklist.com,RbsAYdn1,tcantidr
497,dstrathernds@ftc.gov,RkXI2Nj,ascotlandds
498,clannindt@independent.co.uk,kAMXr6eJ,gbirkwooddt
499,pdopsondu@netvibes.com,mbCXpFGs,amcgaugeydu
500,groscherdv@purevolume.com,lusXHP2C,grojdv
501,kmeijerdw@scribd.com,XeiE73gCGn,nhowattdw
502,krudledgedx@51.la,niD69jdqkeHj,dmcaviydx
503,mjedrysdy@mozilla.org,rEZuxAvfZ,bowersdy
504,sclissdz@surveymonkey.com,ScOp12Vh,dblinkhorndz
505,vianninie0@live.com,MvOPmjPx,obellhame0
506,lmateue1@toplist.cz,ToJEismXwUv,nfiltnesse1
507,agristone2@aol.com,Oap9elt,lburfitte2
508,edelvese3@nsw.gov.au,4Vp691qr,lcossame3
509,krolfoe4@cmu.edu,1v94UO0uzdp,abuttrume4
510,sskaifedingerthorpee5@reuters.com,XMKoquv594,gnawtone5
511,bbromidgee6@ted.com,zdjr6yaFu,estlegere6
512,pgynnee7@lulu.com,gVmEVwkak,rdankove7
513,aseitere8@unc.edu,DJ0vYSz,pmccarricke8
514,cflahertye9@sun.com,at7yntOH5rh,dgatteridgee9
515,kbrotherhedea@yelp.com,uuvRGCJAci,earentea
516,gmacdunlevyeb@slate.com,RUxMvVrqma,pdaultoneb
517,mruslingeec@google.co.jp,jsUXb8R,ktomkinsonec
518,mhowgilled@wikipedia.org,IlA6SRA7,okevlined
519,fgalgeyee@miitbeian.gov.cn,lOAiTbKUWYSL,gmatzelee
520,amarchmentef@github.io,8ea6Aw,sattenbrowef
521,abehlingeg@microsoft.com,1tLDZeOw,ctweedeg
522,lmarvelleh@ucla.edu,1kU9cJ1fy,dtheodoreeh
523,rtregentei@liveinternet.ru,MSG6g4RqXqHk,dpammentei
524,dmatussevichej@seesaa.net,IjnaYUH,jblincoeej
525,tpartenerek@omniture.com,MYhcRp,hstackbridgeek
526,telcumel@bluehost.com,0M7HREQiC,khavercroftel
527,bbeinckenem@stanford.edu,Xu2wejS,blaxem
528,lhusheren@networksolutions.com,nQeM48Q9TT,tgrovesen
529,vbestmaneo@tripod.com,wOBNfU,mashlingeo
530,mrafterep@hud.gov,3K84mwOn9,mkuresep
531,mclendinningeq@naver.com,63Jz5KcUSsx,lgealyeq
532,nantcliffer@yahoo.com,XS9DDUlB,lideer
533,hbartoleynes@nhs.uk,24Oi3OOYftZM,carchdeacones
534,gfolkerdet@statcounter.com,0ASI5HO,mtuteet
535,lworvelleu@nature.com,wKe4nx,lpleateu
536,lrodenburghev@psu.edu,SNnFHblovtqQ,csamettev
537,mcornhillew@lycos.com,BgYCBQ,lchancellorew
538,dfikeex@desdev.cn,uMXgyk,hsimoncelliex
539,cmitchleyey@chron.com,Jw93crE0UwMU,tpressleeey
540,dtrewmanez@uol.com.br,jqJVSAowl7,mkeirleez
541,bbiskupf0@engadget.com,fxfT4B3EJXS,hausiellof0
542,cbockmanf1@creativecommons.org,ZyczBJW4zX,lyuillf1
543,tolkowiczf2@ca.gov,uAbD8K5,lmateof2
544,jcoileyf3@xrea.com,Mg9R6Ug8Cmqe,dwagerf3
545,aquarlesf4@umich.edu,Jn8sjPyzp,jferenczif4
546,adikef5@surveymonkey.com,QIQi0LG,rrawsthornef5
547,jboldingf6@cbslocal.com,ngspdUgGs,kdemeridaf6
548,mvanderhoogf7@angelfire.com,2omsDh,aorpynef7
549,beulerf8@ebay.com,yyVnt9lz,ablucherf8
550,gbiggadikef9@instagram.com,sATcWhCX9Vrd,hburgerf9
551,bjablonskifa@pcworld.com,Nz0Uk4,fslorachfa
552,mdungeyfb@shinystat.com,pSXqLIS5hs,tpelosfb
553,rmartusewiczfc@shinystat.com,QoJxkcy73hr,reliezfc
554,cbinningfd@thetimes.co.uk,Z18JvKiV,kbardillfd
555,lklinkfe@plala.or.jp,SI3mqHgtn3V,kmowettfe
556,ntitfordff@latimes.com,A77DV5,acawoodff
557,bkniftonfg@fastcompany.com,9t6KjHI55aR,jgiblingfg
558,ghowlettfh@ebay.co.uk,no7TMCFPD,dgeardfh
559,rkelbiefi@economist.com,DEHfD0F,ehairyesfi
560,dsparkesfj@go.com,cUv9Nyvqw,malvinfj
561,aberrowfk@arizona.edu,Ou6dfm,ncostyfk
562,apalleyfl@yahoo.com,ShRqugO,baugustefl
563,ktwelvetreesfm@mashable.com,yK8mI4wESsq,efettesfm
564,msmalridgefn@edublogs.org,jmB6U3Vt9,vwoodburnefn
565,bharrildfo@ted.com,q5l4ROVBz,ecompsonfo
566,rswensonfp@ibm.com,psX6MoTFqGw,kwaliszewskifp
567,efontellfq@mapquest.com,oGsT8eXdQaZa,jdreppfq
568,rendsfr@zdnet.com,qhMgw6t0mYuJ,mregelousfr
569,pmenichellifs@arizona.edu,K0StVaIijyZL,sblazejewskifs
570,daggasft@admin.ch,ZA28IbO8T,nwelbeloveft
571,mnornasellfu@bbc.co.uk,CwWJWVdxbuA,mgimblettfu
572,gglasscoofv@facebook.com,8aTiW9srja,mlouchefv
573,linkinfw@businesswire.com,5PUvOc,lnighfw
574,vbleezefx@geocities.jp,1os2a5OXBP,mavrahamovfx
575,bkuschelfy@reverbnation.com,noLKevys,dconellyfy
576,kkyteleyfz@jigsy.com,gGSvx99J,cbakesfz
577,fcockerg0@webnode.com,vEQtLBTyJ1J,ccollumg0
578,khrusg1@seesaa.net,4jua7dG2W8Zs,iyarrg1
579,rwoollendsg2@harvard.edu,0VdJST8ZxL,cputtickg2
580,ksmaileg3@tamu.edu,I6lIVyr8sB,rhemblingg3
581,xwrightamg4@cyberchimps.com,dbuG3U2o16L9,lhammellg4
582,lkornyshevg5@jugem.jp,fIdPUTWkjSGa,csennerg5
583,tbuggyg6@google.cn,JdQJs1KLY3h,bginnaneg6
584,mrawlcliffeg7@go.com,2eAevotyEu,atomikg7
585,lfuttyg8@mapy.cz,27rwNMdZYm,rmulherong8
586,wgainsefordg9@merriam-webster.com,IMKZZ4z70sEQ,dwapplingtong9
587,khurdissga@squarespace.com,3QP2EnimZsr8,hbriggsga
588,adallongb@dell.com,plG7GMs4OfO,ableesgb
589,ngiraudatgc@vistaprint.com,laXEwspvk4,fpogegc
590,pcostingd@bbb.org,dTSNrx,akollaschgd
591,lglandfieldge@jigsy.com,SRClhJ0y,sroubyge
592,ryesichevgf@yale.edu,TYUlEdMDGC,tjoanicgf
593,pmarcusgg@dyndns.org,7wWiaRstnzUy,tcavaliergg
594,gketchgh@shinystat.com,uvOaA9,kcheakgh
595,bimpygi@godaddy.com,cEnukiROe,gtaggartgi
596,kstandinggj@theguardian.com,JyUxP3nFzJUJ,rglendenninggj
597,wlaethamgk@nyu.edu,7H2WcTrOdOJ9,mvineygk
598,mhoggingl@phpbb.com,PseGXW1t4n2,jboissieuxgl
599,klivelygm@upenn.edu,qCN1yrCpz,gtrathangm
600,mhallittgn@go.com,1ioQ6N,bkyntongn
601,ekensygo@microsoft.com,G17jc4J6NC7,udoughertygo
602,oduigedgp@sakura.ne.jp,u7XkMFKgJqF,fmaymandgp
603,karnholtzgq@twitpic.com,eUzKsVA,lconsterdinegq
604,ashoremangr@scientificamerican.com,jx48AlS4Tz9,ckillgr
605,cgoldhawkgs@cbc.ca,fScwctYs,mmacknockitergs
606,wwittringtongt@ucoz.com,ROcuA6FyK,twisegt
607,ksaffillgu@etsy.com,fCcg5iQwO5zG,idonisigu
608,gdoriangv@jigsy.com,yZMsCQGo8Yb,nmutimergv
609,lstouthergw@cdc.gov,I5TZAQ,rpoolegw
610,mdoddgx@scribd.com,E9ZhvYt,gsmithamgx
611,tmcfaulgy@surveymonkey.com,wbLQziO,acastellsgy
612,mkeohanegz@twitter.com,IAFpyu1A,hkirkwoodgz
613,stupph0@fema.gov,X4Mt7F,meakenh0
614,afibbensh1@alexa.com,nMyqyJJH2Ol,cluckcuckh1
615,hbraxtonh2@hao123.com,cSW09E3oK,hkochelh2
616,msiddallh3@joomla.org,hcqUVcLq3NKo,bpiddlehintonh3
617,cgolborneh4@chicagotribune.com,rsfBmfJ,tmaineh4
618,alakeyh5@cnbc.com,SBRMzayra,oennorh5
619,ccoomh6@bing.com,9K6uzJi1,npirrieh6
620,jferrollih7@imageshack.us,hcdlr3qkLM,ahoggettsh7
621,croebuckh8@ehow.com,nmOe60CT3iOm,hbaskwellh8
622,yleeseh9@addtoany.com,tDvUWBUWp,jsaddlerh9
623,dfroodha@nbcnews.com,qoatfioEN0W,nsprittha
624,dadmanshb@cocolog-nifty.com,LNIHVJOKCGtN,hmacinneshb
625,tmellhuishhc@ihg.com,XvWSk2,mcheesmanhc
626,sbosherhd@wunderground.com,0yuU4Hk5In86,edalyellhd
627,lclynmanshe@webeden.co.uk,e3CPgS,ttrippetthe
628,gathersmithhf@paypal.com,wy9eNOcrXH,winsullhf
629,rbarrashg@kickstarter.com,GE5bdmJig4a1,fillsleyhg
630,glamminghh@china.com.cn,kCBeXxh8ng,lcaultonhh
631,afrangellohi@taobao.com,MsJ9umClPKWK,asmurfithi
632,bardleyhj@scribd.com,WKOjgtz,eriddioughhj
633,hbowershk@vinaora.com,BcwLfrBFm2K,cbrandinhk
634,lmulvennahl@bbb.org,n5UtfSqnQL4,fgregorhl
635,uchildhm@wiley.com,DhOgTwGg1u,ucattanachhm
636,gstollihn@cafepress.com,Hf2AQ2sh7ZdK,chandkehn
637,ajeffreeho@odnoklassniki.ru,EmNWFcN,kfallenho
638,gmerritthp@myspace.com,Gjl6Th,skimmerlinghp
639,lgurradohq@globo.com,RmGvd3,ojirashq
640,sarnizhr@wsj.com,6R5wrzZ1XvO0,abrandshr
641,fpashbyhs@phpbb.com,spPHyu,lagronskihs
642,bcamplinght@wired.com,7seyrfX,oavoht
643,rlloydshu@bloglovin.com,FGg5SXiRnhx,smacascaidhhu
644,ntantihv@jalbum.net,FHjnkxkxMGly,lsyershv
645,gbillyardhw@squarespace.com,iisLyq01iz,bsparsholthw
646,bgreenhaughhx@istockphoto.com,EW0AyD,htaffurellihx
647,pdronsfieldhy@soup.io,nt20v1h4id,jschollarhy
648,rphilcotthz@google.com.br,rmKzU1,zedmedhz
649,tlindbladi0@ucoz.ru,Cc8hy58ewW2p,vmangani0
650,pmontforti1@hud.gov,xdBxJiS20d,dscotneyi1
651,cshillani2@theglobeandmail.com,LQv8SKmZAYNa,rtreati2
652,skubasiewiczi3@icio.us,PXM1mWxVKM4S,jlovatti3
653,epenteloi4@ibm.com,8t8yMGhQf,mcrosthwaitei4
654,sblaxilli5@msn.com,1IVYD9drCL,hcattoni5
655,jgurgei6@pen.io,fvEjGk51JvKC,aschuleri6
656,jwyetti7@tripod.com,1mTqZN9Ph,swestmancoati7
657,mmixturei8@princeton.edu,Nk7GzW,jeastupi8
658,krymeri9@google.com.au,2QmDqSG,myearnesi9
659,fsawoodia@51.la,uQvmzT2aO7Ja,dtruwertia
660,eyitzhokib@ox.ac.uk,fhlatK,lsweetsurib
661,fburnessic@reverbnation.com,yx5yc2Y6,emoynihanic
662,irobathamid@admin.ch,q4w7DEsk5y,kosheildsid
663,dvogtie@xrea.com,pNiKNvLToha,nximenezie
664,rbalserif@indiegogo.com,uCmf8j,agiddenif
665,rhumesig@reference.com,chEGWv0wg,amoorheadig
666,swidocksih@webmd.com,Z0qaZVFBMRja,mabsalomih
667,tparcellsii@issuu.com,zSvZew,rvernauii
668,eizzattij@umich.edu,ny6huwE,sfareweatherij
669,gcrocketik@gov.uk,GEkmQ5DfN,pdomenicoik
670,ashillittoil@ed.gov,rKshM6m,rfoltinil
671,mpipesim@desdev.cn,EHt0YBZlhj,achansonim
672,sbonhamin@merriam-webster.com,R92LwrvR,mpepperellin
673,acarrattio@cisco.com,L6SNLmMkH7x,esargersonio
674,mlaitip@washingtonpost.com,WPMvNwyBHfle,smurdochip
675,lbowiq@ihg.com,4r2bQO,ccantoiq
676,rlacelettir@flickr.com,VUBPI3zML,gchaveyir
677,bjorckis@lycos.com,fIiSD895LPd,sbreedyis
678,skynmanit@indiegogo.com,0aIJP2rny,bponsfordit
679,cmerrifieldiu@indiatimes.com,MuS784VkEurX,sgroombridgeiu
680,afalcusiv@tumblr.com,kEiB8LIVZK,ntotterdilliv
681,stoyiw@vinaora.com,icvZvqIjBk,swallasiw
682,cellingworthix@theglobeandmail.com,4emgzi,smilhenchix
683,ldossettoriy@gizmodo.com,Be6JXV,wsiviteriy
684,educkeriniz@google.cn,7Ww228wn5,alocktoniz
685,emarushakj0@hud.gov,VXWWhGfl,vharsej0
686,lrugerj1@soup.io,Z8yZzs9,witzakovitzj1
687,acollabinej2@ning.com,SowmdAlrb3,jstatterj2
688,acundej3@guardian.co.uk,kPrgO6Sw,tbouchardj3
689,dboasj4@uiuc.edu,D8r1Wpat4e,mbenoixj4
690,glondorsj5@businessweek.com,esdOwzxRccb,atourj5
691,mwittenj6@illinois.edu,CUibOZ,rpechardj6
692,gbusselj7@oakley.com,SBzdmz,bgliddenj7
693,ezaninij8@acquirethisname.com,XSifguTJO7OR,nfilipczynskij8
694,kpaultonj9@sakura.ne.jp,PtCLIe,dashworthj9
695,fdillawayja@geocities.jp,bTscYxyI5FxP,adashwoodja
696,ldeboyjb@ebay.co.uk,YRINOl,lvidgeonjb
697,cdranfieldjc@washingtonpost.com,qOyGOh,nmcgilbonjc
698,ghuggonsjd@hc360.com,RYLd1uecA9,bfeechanjd
699,jgealeje@vimeo.com,vxz1u7wX,dculpinje
700,aforbearjf@nps.gov,xwBw6UlD,lfawksjf
701,jsnewinjg@wired.com,IKsT9RtC7EN,eplankjg
702,shughsonjh@feedburner.com,QF1rEYCvE4AZ,aandrinjh
703,keltringhamji@plala.or.jp,sBe5Bog,nkrookji
704,kdequinceyjj@ocn.ne.jp,cll1Kz9V2,jbusswelljj
705,fdoneganjk@diigo.com,44iQBZPfv75K,ronionsjk
706,gaudenjl@cocolog-nifty.com,fYkAYPq3o,spalayjl
707,estickneyjm@disqus.com,5x1xgol0,balthamjm
708,phabberjamjn@unblog.fr,JjZZN8qVn6,ldonaldjn
709,mfliegjo@bloomberg.com,qE8GTd3Rp6D,mwalkinshawjo
710,mdonativojp@cyberchimps.com,SmeqQZO8XhN,vemonsjp
711,dbamseyjq@free.fr,CuHYQf,dvedeneevjq
712,ekitleejr@livejournal.com,cGG0K70U,eabdiejr
713,bwayvilljs@wikimedia.org,a4l0pFG,ckornalikjs
714,aarmittjt@ox.ac.uk,1IGN2Xyu,ctennewelljt
715,mpeadenju@hubpages.com,0DyORTRTFSI,bwoodgateju
716,jjorczykjv@telegraph.co.uk,faaKgpjWi,jsturtjv
717,mjadosjw@sun.com,s9Td6DhEj,mdaousejw
718,dcellejx@de.vu,CD0ifNfKXp,dbridsonjx
719,aswynjy@themeforest.net,IRiGf1,vbirdjy
720,obrambelljz@infoseek.co.jp,ph9mgd203c6X,fahernejz
721,wtaschk0@taobao.com,vAhhyDzP5M,cmebiusk0
722,sliveleyk1@joomla.org,E0Oq79aFhu0,gmellenbyk1
723,mstillk2@desdev.cn,6NKtiimliT,midek2
724,rpaynterk3@amazonaws.com,GDZ7JgTsIj,hmacalisterk3
725,eklavesk4@europa.eu,QC0osjDJb,kmerittk4
726,ashiersk5@webs.com,fXOaE8,ejellymank5
727,npebworthk6@about.com,sWAJ5uLN,dburgumk6
728,mspawellk7@rediff.com,WJT66a9J,ldykek7
729,mbanbriggek8@hp.com,3ItPDE,dcalfek8
730,sglanisterk9@harvard.edu,Vxw0LSxoEFa,spolkk9
731,bmcgrowtherka@kickstarter.com,BM6oUKBx5,rivakhnoka
732,cbraunstonkb@simplemachines.org,3DGfnjr10OO,mcuddonkb
733,xrauprichkc@ask.com,z7kuXuxozeP,vbrokenshawkc
734,medgesonkd@ihg.com,qGhCNKywE,darnaldokd
735,tfargeke@tmall.com,Idfs5gI,fsollnerke
736,lcowankf@abc.net.au,92V248,gduncankf
737,rdiggonskg@google.ca,PEkjehnMu,zrudyardkg
738,gmccloykh@angelfire.com,UQ9l9Eh4,olermouthkh
739,mkynanki@foxnews.com,NcoERHwGg0yA,ntripettki
740,dburnkj@yelp.com,aOnbmm6,lhobblekj
741,svalentikk@usgs.gov,0vM7GW,fadamekk
742,kdjurisickl@vistaprint.com,sfItGln,jklesskl
743,cnealeykm@sina.com.cn,vGfwaZGM,cvanderbrugkm
744,dabramskykn@ebay.co.uk,6IKTtPhnW,adevereukn
745,dbeaversko@csmonitor.com,TH3fph,bpropperko
746,zgilluleykp@shutterfly.com,dwDUSVDN8,hlaurencekp
747,jfrenzlkq@cdbaby.com,9gptpzgX,alevanekq
748,gsammskr@ask.com,Q8FVufRn,tblebykr
749,bpladenks@dell.com,EVw2OlVKq3H6,dblankauks
750,asnozzwellkt@reference.com,QiGGnknlya,mfloydekt
751,npillingku@addtoany.com,cdD7joJ,yrapleyku
752,tvockingskv@tamu.edu,KHuPDSmwc3,lniemetzkv
753,mwolfartkw@bbc.co.uk,nUKgjOvOpM,istroobandkw
754,tmarriottkx@macromedia.com,b7in83lYJxaa,inegrikx
755,spichanky@vistaprint.com,d1lWV74,adysterky
756,ahackletonkz@privacy.gov.au,Ce1vXYx,tmissenkz
757,mfolkl0@sciencedirect.com,cUI0crY,bluetchfordl0
758,bsolomonidesl1@time.com,qFCEcxdt6H8,nromaynesl1
759,mfermoyl2@purevolume.com,3wagzMkTP,lchawnerl2
760,islattenl3@cargocollective.com,8PnpCPp,cgoeffl3
761,canderl4@goo.gl,yCK8wfsdtGTF,dstatersfieldl4
762,sohanleyl5@illinois.edu,T6DatxDGf018,ndufrayl5
763,egladbachl6@whitehouse.gov,lZbdJ8YZfFA,troughl6
764,kbellordl7@ow.ly,ksEYbyrQdx,nsommerl7
765,ccullingfordl8@cnn.com,1frGh06L,rkennerknechtl8
766,tpurlel9@ihg.com,PjVn9oKePk,ffinnl9
767,sbagwellla@joomla.org,rQHeUpTjU,lrevanla
768,mkildahllb@prnewswire.com,rVeroobaz,wsmurfitlb
769,kchalonerlc@ameblo.jp,UQG5RR4,ajayumelc
770,awalbridgeld@naver.com,B81I6FZU,btatloweld
771,cbleierle@pcworld.com,6dKkiYAsJ,bnuccile
772,dwisniowskilf@mozilla.com,X0SEmOCk,jaistroplf
773,emithonlg@mail.ru,zB5VqilP,jgrinyerlg
774,gperkinslh@ning.com,JZ1kqgm,bannesleylh
775,lnozzoliniili@imdb.com,9DmxUi,bhugoninli
776,rcurelj@themeforest.net,YBjNFyvs,dcarplj
777,tscholerlk@mayoclinic.com,GU98zPhQuU72,klethbylk
778,nstollll@cbslocal.com,co9Fkx,hyvesll
779,oreschkelm@fotki.com,qvgFmj,dironslm
780,foclearyln@qq.com,oBNhmX,kpetrasekln
781,tbaloghlo@bloglovin.com,DN1o5YCQS3P,omountainlo
782,yellsomlp@1und1.de,LdDT7Hz,prushmerelp
783,nstandfieldlq@examiner.com,ckybthKv6,bsainglq
784,nhemmingwaylr@hexun.com,HeXC4f1ZvWe,cjollisslr
785,hbrumblels@loc.gov,WrDQFAFP7P,bbucklels
786,nainscowlt@epa.gov,NgkhZf8,mashenhurstlt
787,mlouedeylu@studiopress.com,BJtOzsl,aducastellu
788,khastielv@businessweek.com,e9XJ2RjCd,mbarajaslv
789,vnelsenlw@ocn.ne.jp,9Uwv1P5oqDS,kbernlw
790,wmccourtlx@archive.org,ztkGYCA,ecowanlx
791,rmcreynoldly@seesaa.net,rtmrZcXmixX,rmacareely
792,atrenholmelz@statcounter.com,AzYoG2k2,ckrollz
793,wkiendlm0@wp.com,9ZrplFX,bramm0
794,csommersettm1@businesswire.com,3rwU7Jmt9V,tmcfetrichm1
795,fhacklym2@google.com.hk,RSa20xt,npedelm2
796,gkauschem3@devhub.com,ePT2osqE9w,mrosenthalm3
797,sjeanetm4@blog.com,fnjriRDwkQy,ctabernerm4
798,msetonm5@ucsd.edu,6voMny,swarinm5
799,pbrettlem6@ow.ly,OE6Gw2ah,fknealem6
800,eabelesm7@goo.ne.jp,vOgz3paaW2P,kdonnachiem7
801,sremonm8@bloglines.com,TIxoyiMtsa5,ejiroutekm8
802,mbanbrickm9@google.com,b78KsratOkk,sdukesburym9
803,hkollatschma@hud.gov,urmSDCEXIc,tfairtloughma
804,abrockingtonmb@businessweek.com,YV3R4u,rmathiassenmb
805,jhowisonmc@kickstarter.com,x4qzYSTv9X,flarvormc
806,tpeealessmd@miibeian.gov.cn,N0UEJ47,bbettsmd
807,rpotierme@wiley.com,lmb4TwqLms,sjanseyme
808,mruskinmf@studiopress.com,J2To4kNBL,shoulisonmf
809,laingermg@geocities.com,CQU0w6,aberrymanmg
810,cmcgilmartinmh@huffingtonpost.com,Eho7vJ,cwimlettmh
811,hhowgegomi@webnode.com,lz31Km5,vrosevearemi
812,freedshawmj@youtube.com,TcG0FpHqVXl1,cbonhomemj
813,polufsenmk@scribd.com,i2VHOoOhKr,falhirsimk
814,lcotteeml@github.com,Ng35QiXM,zbrazenerml
815,ewandrachmm@blogtalkradio.com,pbOo4w,tgilmartinmm
816,slistonemn@aboutads.info,VvhLgHYrPEV,sbegentmn
817,jmcareemo@yellowpages.com,DtGZla9,dferresmo
818,scoolbearmp@aboutads.info,Vkod7RPvEqwr,hjessupmp
819,sreidiemq@arizona.edu,SZSYVg1AkZx,mkobumq
820,gdomnineymr@livejournal.com,WpEcgoYdsYK,skornelukmr
821,jdickeyms@ted.com,hFoLUR89DVrt,pspencelayhms
822,bpawlikmt@delicious.com,2thxKlC34fe,wpetrikmt
823,mfinchermu@networksolutions.com,24H2Od63,etrenearmu
824,jelpheymv@hao123.com,UbgTTU,mcaulkettmv
825,jduberrymw@tamu.edu,0xhx3k,sedmansmw
826,hablemx@tripadvisor.com,zbn4avtas3,tvernazzamx
827,lmattiamy@shop-pro.jp,OHKjIS,ytremblettmy
828,atuveymz@blog.com,E7tQ1p1F9Q,hrevettmz
829,tvinnicomben0@businessweek.com,r5bREs,szannotellin0
830,llovemann1@amazon.co.jp,g5SnoDY6,plambournn1
831,ftennisonn2@goodreads.com,lur9EBp,smckerronn2
832,jlagadun3@webeden.co.uk,hSb9MxJa4,ndoggn3
833,tgingelln4@sbwire.com,4xIRl0,bmawnen4
834,mcicculin5@sakura.ne.jp,1ZTeIpj,imacalindenn5
835,pdyten6@studiopress.com,TJzkQfn,tfoyen6
836,aeakinsn7@dagondesign.com,3PmqG2Os3,ehooken7
837,ltewkesburyn8@buzzfeed.com,xUoN5Kiqq,lyannonin8
838,gcolhounn9@zimbio.com,Puec8tHu7K2,smaybeyn9
839,ndriverna@va.gov,67BDkg11,dardronna
840,dskimnb@ezinearticles.com,iLomIDrTIL5O,mchantreenb
841,jboggersnc@senate.gov,r7srcOqWY,khanesnc
842,ihymannd@163.com,5mDBLAsVTLN,jhatchernd
843,tjanikne@miibeian.gov.cn,4RgxoZ91l8,mcroughanne
844,gjouanetonnf@amazonaws.com,RPHkof72W,icavendishnf
845,fkarolowsking@tuttocitta.it,WOTI1l,fadamoling
846,lcosinnh@livejournal.com,d7G8jX,agartsidenh
847,ecancuttni@miitbeian.gov.cn,poOGL4Il,aarchellni
848,lquadrionj@creativecommons.org,Z8RWZGI9EnI,hberendsennj
849,bdigglesnk@telegraph.co.uk,B3G62X,mluisnk
850,dmilvarnienl@mediafire.com,NDQBm5GLl2,cwastlingnl
851,lsharvillnm@google.com.br,MUltDEercO,jblackstonenm
852,ebaudinotnn@quantcast.com,Hk4inQig3b2r,abansalnn
853,lbiaggiolino@lulu.com,UzDiQ2Vl,jmuckleyno
854,rbaumbernp@cnn.com,hgOms8WO6,ccopperwaitenp
855,lwindrumnq@360.cn,YeiXnEaIub,aheinssennq
856,alambanr@xing.com,hiovRd5,jphythonnr
857,nseczykns@usa.gov,JAtVVkjJ,hhalvosenns
858,hligoent@nationalgeographic.com,QacP5s7,hokendennt
859,adagonnu@economist.com,BYGd1zgnlwl,bcasadonu
860,hbeinnv@columbia.edu,w3JG8cKkmCm,ddarconv
861,cschwantnw@sphinn.com,GxVz5YmB6S,gdressenw
862,msmythnx@elegantthemes.com,OqdDoeoFV,mgrevenx
863,kwallbanksny@meetup.com,3wmpZI93JYvc,bblakedenny
864,jgeraudynz@nba.com,kK2bMF,gdykasnz
865,lrosenfarbo0@livejournal.com,99iKTvHsg,hlesslieo0
866,dtomasinio1@nih.gov,2KiiQlocNY,tdigmano1
867,srusso2@zdnet.com,1KWxGDMut7EU,llipproseo2
868,rmolsono3@springer.com,ycPgFD,hmealingo3
869,mteasdaleo4@ovh.net,0jQT1Xrrmm,bkermeeno4
870,fackermano5@narod.ru,ixopZq,aisaaco5
871,peveringtono6@nature.com,rNc4ZlCme8y,ktorticeo6
872,whuncoteo7@diigo.com,TBIsSyejVTPD,ewaineo7
873,rsloyo8@flavors.me,HC8pO1hx7iK,dmorfetto8
874,ldenisono9@xinhuanet.com,FcZsCPXX,jwaghorneo9
875,ttaplowoa@salon.com,CRiMmdOR,cdjorvicoa
876,blittlejohnob@ted.com,QDchSIqW,ibendtsenob
877,cmoiseyoc@goodreads.com,RguPFir1Oi,amarchamoc
878,bjarretteod@scribd.com,5rkigamLcy,ryukhinod
879,amclenaghanoe@ibm.com,UABGil,mrobertetoe
880,dmeadowcroftof@weebly.com,6Azz7oiujgG,tfealyof
881,cwalklingog@bizjournals.com,hYOfUcTgLcF7,tvanyushkinog
882,flambieoh@ehow.com,mdrZBGfXC,rmccrackanoh
883,mplacstoneoi@ibm.com,4XOzfxJWJ,bcarssoi
884,egreenardoj@apple.com,4EozFaneE2uJ,celbourneoj
885,mdurbannok@free.fr,7v1BX5,eiacovacciok
886,adoddrellol@umn.edu,do92iWYjOf,cboutwellol
887,rkilbaneom@icio.us,6mWVdaWm,rpopovom
888,dmundfordon@biblegateway.com,0IhItmi,ejamaryon
889,dkinzeoo@washington.edu,aIRtNJP,csymmonsoo
890,ashoutop@geocities.com,jwxR99Y,mpetruschop
891,bclemenceauoq@opera.com,rlhcfQEI,mbaudryoq
892,ztomowiczor@skype.com,HyRwo5Kau,dginleyor
893,bthornos@ftc.gov,zjTGjPfx,emacsporranos
894,bspearmanot@ebay.com,RQoQelekSjI,dflattot
895,dgiraudotou@wufoo.com,Wdc5gx,mcolquittou
896,rfroggattov@e-recht24.de,7KoyTG4Y,awadelingov
897,btotenow@chron.com,pmV70XrVkhP,cgeldardow
898,lellesworthox@techcrunch.com,YgbEen,cvisickox
899,dameyoy@a8.net,0Qi2qJi0kL,kduddenoy
900,dtaileoz@netvibes.com,yr3nBr2NP,mchallinoroz
901,yberwickp0@prnewswire.com,sqTUG27bMKb,dhaquardp0
902,gsignorellip1@wiley.com,8E71nCXZ1A,bleslyp1
903,fsumptonp2@dagondesign.com,ObdWO9y0g7c,gphippenp2
904,rstirleyp3@java.com,e4lNcdFC6rXx,unergerp3
905,asheltonp4@pinterest.com,dIWSkzYkTtJ4,tjanicekp4
906,bmacduffiep5@xrea.com,AxOMv3m,rhussyp5
907,btaggettp6@networksolutions.com,v18mLN1C5xG,jebournep6
908,whawtryp7@sina.com.cn,PRX47Nc,tcavendishp7
909,yribbensp8@dyndns.org,vW6BAG,gleatherp8
910,zdempseyp9@furl.net,5dsXsQc,pstaddartp9
911,etroyespa@yahoo.com,CK5g9mIbOR,fmellempa
912,fveschipb@scientificamerican.com,D8B32bq3wkg,lbernardeschipb
913,rsyphaspc@google.cn,mF7kUBx9SJ,akleemanpc
914,tmccaigpd@utexas.edu,8nwh5gNlnP,glyalpd
915,gkorpalpe@businesswire.com,s9HrHShnMEC,gbillyardpe
916,gcrockerpf@va.gov,53ChFOrgJNzb,cbenaharonpf
917,ezamorapg@youtu.be,avlTFrj,lwhitsunpg
918,jobeeph@alexa.com,PjmgON5,ymonneryph
919,ndoumercpi@cam.ac.uk,xrWmdKYan5bd,cguerrieropi
920,cmcelorypj@discuz.net,X7ANrKzGwX,knorthroppj
921,dmayoralpk@printfriendly.com,gRuaWG,dkarpushkinpk
922,knetherwoodpl@redcross.org,y5XAPhw84,mhanrahanpl
923,rwoosnampm@statcounter.com,gBMZ5N,abartoshevichpm
924,emckeepn@nyu.edu,Kxo82v,scrutpn
925,mearingeypo@blinklist.com,tSfw1SNOl,islaffordpo
926,gwalcarpp@mozilla.com,u03h3K41,hcrollypp
927,iheynenpq@netlog.com,1WRNAYLxxl,bdagleaspq
928,jclanceypr@nps.gov,b9SSQsm,scantrillpr
929,ebradlyps@narod.ru,bxXa3bbonn,gdailyps
930,lpablospt@hostgator.com,hKHTKwZWUbxj,spateselpt
931,rkochepu@chron.com,w5nrdMr,jburlpu
932,maldispv@tripadvisor.com,xHljdB,mvaninipv
933,hbonifaziopw@squarespace.com,iFrQCfmHbS,cjosephipw
934,twroughtonpx@engadget.com,3X0SDLrD,cautiepx
935,mmidlarpy@ucla.edu,tceBm3Cu,biacoviellopy
936,fdonatipz@va.gov,VwEFLTH,smacwilliampz
937,ggreenlessq0@theglobeandmail.com,z2a8dKJ39H,rmartinieq0
938,lpinningtonq1@e-recht24.de,K0zr2tNp5ER,tlambersenq1
939,cpetrashkovq2@amazon.co.uk,sBw6eHIaPY,cplakq2
940,alelliottq3@wix.com,HRji26yB6N,cschieferstenq3
941,aabramovicq4@tuttocitta.it,7H8hVGUTQ7,dfarakerq4
942,jbiaggioliq5@parallels.com,ReHU0KgDhb,egaiq5
943,vsouzaq6@rediff.com,QMC1satCIdzQ,rmckagq6
944,ystubbertq7@umn.edu,LZiNi2zfWG,sorbonq7
945,ctorransq8@marketwatch.com,9KE2yRpkzU3,astallonq8
946,ldykasq9@tumblr.com,CX0e8vzh1RF4,fbarryq9
947,gsollandqa@themeforest.net,Kqpg3tcqI,cbreslauerqa
948,hpouldenqb@mashable.com,7EzCUB2JrHN,ccoeqb
949,mcordleqc@pinterest.com,4ANpAq18Ewm,dwraighteqc
950,porderqd@nifty.com,lhlL1aX3mn2,pmcconvilleqd
951,bhulkqe@usgs.gov,LwxBSOcF9PZ,cdallywaterqe
952,nhailstonqf@guardian.co.uk,DFEiDbowR,storrejonqf
953,lbridgmanqg@fc2.com,GdBNXOgh,mroscoeqg
954,cdmiterkoqh@fda.gov,g3bFOk,apratiqh
955,jhutchingsqi@bandcamp.com,OhPmMJXx,kstilleqi
956,koneilqj@cargocollective.com,kMlkYe0,bhalbeardqj
957,mreeveleyqk@craigslist.org,jl5PTPnYJy,rshurrockqk
958,bduesburyql@sphinn.com,CJn6h5VUWxX9,hkinavanql
959,wfewsterqm@networkadvertising.org,EFC8ZN1,pbuschqm
960,bemmertqn@ted.com,qnMgRpN1PLXg,ktoopeqn
961,mhardakerqo@bizjournals.com,SorOQREoI,akarmelqo
962,lpinsentqp@ucsd.edu,9ReuRrdCEQT,fstivaniqp
963,tscamadineqq@t-online.de,mleVsyw,ygergusqq
964,jpyfordqr@liveinternet.ru,pPMNtXmAf,cforkanqr
965,gtomasekqs@csmonitor.com,DHAN5on,alafontaineqs
966,mcondieqt@1688.com,oIRsvO,btoulsonqt
967,bnisbyqu@google.fr,5OHyqSC6ZZT1,tliddiattqu
968,ctitmussqv@t.co,76RTYV3I1RkS,rkettleyqv
969,zassardqw@yellowpages.com,ZTwMDg,jrobertsenqw
970,nruminqx@t-online.de,1hiwEf7ci6tL,tkoschkeqx
971,zbiddlecombeqy@ovh.net,eCSWCJr4Nck,cgrievsonqy
972,kdudleyqz@auda.org.au,QzrSVso8FAVa,egallopqz
973,swoodfieldr0@ibm.com,jEsgKqh1a,jrennardr0
974,cfancyr1@google.pl,694FkjFG,fpickthornr1
975,gbasekr2@xinhuanet.com,H1gttSk,janespier2
976,rcharkhamr3@themeforest.net,QIlYLpkLwW,fgotfreyr3
977,poffilerr4@studiopress.com,0uMcfMv0axZ,bwinchurchr4
978,nlarawayr5@whitehouse.gov,NokZkRr4g,gentreisr5
979,bmartellinir6@php.net,MuOe1AaxZPQ0,emurrr6
980,rcastelynr7@cornell.edu,9XkJh7MAJ5,oebanksr7
981,cclohessyr8@xing.com,nLItap,rdailer8
982,vphettiplacer9@google.com.hk,AuL1N5,scallinghamr9
983,thanabyra@ed.gov,XdxJKaQU,kdearanra
984,abrogirb@symantec.com,9JAOzrwMcC,hspurginrb
985,clindherc@wikimedia.org,vVTHPj,athickpennyrc
986,sbealingrd@home.pl,CRt3xJ,estorksrd
987,fdenecampre@buzzfeed.com,X9OpclBU,dboulterre
988,ckaserf@simplemachines.org,cUreMPcTj,rmallenrf
989,mpoolrg@webeden.co.uk,aYG2Y9w9Lx,demigrg
990,kdabsrh@redcross.org,hUiUEJ6RiUZ,ssouthouserh
991,wblecklyri@myspace.com,RLoDZ0PJ,akarlssonri
992,tkimberlyrj@de.vu,ll9XxN4,gzaniolorj
993,grechertrk@toplist.cz,A5z8tF,sbrichamrk
994,bgrigolettirl@nyu.edu,LIGL618,wdurtnalrl
995,tbaudryrm@vkontakte.ru,JMEXNr,ternirm
996,wscurrellrn@msu.edu,g4DlnDZFgp,hberkowitzrn
997,rweinsro@blogger.com,4oQDbGesUkTs,piacoforo
998,smcdonandrp@technorati.com,1t7QanZQ8,plocarnorp
999,jdabellrq@who.int,m8dGchdCdi,lalgarrq
1000,jwhelptonrr@shareasale.com,CcNkwX,nfebryrr
